Time (min),Temperature (°C)
0.0,20.248357076505616
5.0,20.489884843789355
10.0,21.904983099134537
15.0,23.666252437859573
20.0,24.355059267637913
25.0,26.13293152152541
30.0,29.005444770331188
35.0,30.736856985000784
40.0,32.41437344770604
45.0,35.36473886991656
50.0,37.44596068325746
55.0,40.16168096272794
60.0,43.35888121302752
